東京卍リベンジャーズ,https://video.unext.jp/book/title/BSD0000183438/BID0000849008,東京卍リベンジャーズ
鬼滅の刃,https://video.unext.jp/book/title/BSD0000155396/BID0000678764,1
東京卍リベンジャーズ,https://video.unext.jp/book/title/BSD0000183438/BID0000849008,2
鬼滅の刃,https://video.unext.jp/book/title/BSD0000155396/BID0000678764,3
東京卍リベンジャーズ,https://video.unext.jp/book/title/BSD0000183438/BID0000849008,4
鬼滅の刃,https://video.unext.jp/book/title/BSD0000155396/BID0000678764,5
東京卍リベンジャーズ,https://video.unext.jp/book/title/BSD0000183438/BID0000849008,6
鬼滅の刃,https://video.unext.jp/book/title/BSD0000155396/BID0000678764,7
東京卍リベンジャーズ,https://video.unext.jp/book/title/BSD0000183438/BID0000849008,8
鬼滅の刃,https://video.unext.jp/book/title/BSD0000155396/BID0000678764,9
東京卍リベンジャーズ,https://video.unext.jp/book/title/BSD0000183438/BID0000849008,10
鬼滅の刃,https://video.unext.jp/book/title/BSD0000155396/BID0000678764,11
東京卍リベンジャーズ,https://video.unext.jp/book/title/BSD0000183438/BID0000849008,12
鬼滅の刃,https://video.unext.jp/book/title/BSD0000155396/BID0000678764,13
東京卍リベンジャーズ,https://video.unext.jp/book/title/BSD0000183438/BID0000849008,14
鬼滅の刃,https://video.unext.jp/book/title/BSD0000155396/BID0000678764,15
東京卍リベンジャーズ,https://video.unext.jp/book/title/BSD0000183438/BID0000849008,16
鬼滅の刃,https://video.unext.jp/book/title/BSD0000155396/BID0000678764,17
東京卍リベンジャーズ,https://video.unext.jp/book/title/BSD0000183438/BID0000849008,18
鬼滅の刃,https://video.unext.jp/book/title/BSD0000155396/BID0000678764,19
東京卍リベンジャーズ,https://video.unext.jp/book/title/BSD0000183438/BID0000849008,20
鬼滅の刃,https://video.unext.jp/book/title/BSD0000155396/BID0000678764,21
東京卍リベンジャーズ,https://video.unext.jp/book/title/BSD0000183438/BID0000849008,22
鬼滅の刃,https://video.unext.jp/book/title/BSD0000155396/BID0000678764,23
東京卍リベンジャーズ,https://video.unext.jp/book/title/BSD0000183438/BID0000849008,24
鬼滅の刃,https://video.unext.jp/book/title/BSD0000155396/BID0000678764,25
東京卍リベンジャーズ,https://video.unext.jp/book/title/BSD0000183438/BID0000849008,26
鬼滅の刃,https://video.unext.jp/book/title/BSD0000155396/BID0000678764,27
東京卍リベンジャーズ,https://video.unext.jp/book/title/BSD0000183438/BID0000849008,28
鬼滅の刃,https://video.unext.jp/book/title/BSD0000155396/BID0000678764,29
東京卍リベンジャーズ,https://video.unext.jp/book/title/BSD0000183438/BID0000849008,30
鬼滅の刃,https://video.unext.jp/book/title/BSD0000155396/BID0000678764,31
東京卍リベンジャーズ,https://video.unext.jp/book/title/BSD0000183438/BID0000849008,32
鬼滅の刃,https://video.unext.jp/book/title/BSD0000155396/BID0000678764,33
東京卍リベンジャーズ,https://video.unext.jp/book/title/BSD0000183438/BID0000849008,34
鬼滅の刃,https://video.unext.jp/book/title/BSD0000155396/BID0000678764,35
東京卍リベンジャーズ,https://video.unext.jp/book/title/BSD0000183438/BID0000849008,36
鬼滅の刃,https://video.unext.jp/book/title/BSD0000155396/BID0000678764,37
東京卍リベンジャーズ,https://video.unext.jp/book/title/BSD0000183438/BID0000849008,38
鬼滅の刃,https://video.unext.jp/book/title/BSD0000155396/BID0000678764,39
東京卍リベンジャーズ,https://video.unext.jp/book/title/BSD0000183438/BID0000849008,40
鬼滅の刃,https://video.unext.jp/book/title/BSD0000155396/BID0000678764,41
東京卍リベンジャーズ,https://video.unext.jp/book/title/BSD0000183438/BID0000849008,42
鬼滅の刃,https://video.unext.jp/book/title/BSD0000155396/BID0000678764,43
東京卍リベンジャーズ,https://video.unext.jp/book/title/BSD0000183438/BID0000849008,44
鬼滅の刃,https://video.unext.jp/book/title/BSD0000155396/BID0000678764,45
東京卍リベンジャーズ,https://video.unext.jp/book/title/BSD0000183438/BID0000849008,46
鬼滅の刃,https://video.unext.jp/book/title/BSD0000155396/BID0000678764,47
東京卍リベンジャーズ,https://video.unext.jp/book/title/BSD0000183438/BID0000849008,48
鬼滅の刃,https://video.unext.jp/book/title/BSD0000155396/BID0000678764,49
東京卍リベンジャーズ,https://video.unext.jp/book/title/BSD0000183438/BID0000849008,50
鬼滅の刃,https://video.unext.jp/book/title/BSD0000155396/BID0000678764,51
東京卍リベンジャーズ,https://video.unext.jp/book/title/BSD0000183438/BID0000849008,52
鬼滅の刃,https://video.unext.jp/book/title/BSD0000155396/BID0000678764,53
東京卍リベンジャーズ,https://video.unext.jp/book/title/BSD0000183438/BID0000849008,54
鬼滅の刃,https://video.unext.jp/book/title/BSD0000155396/BID0000678764,55
東京卍リベンジャーズ,https://video.unext.jp/book/title/BSD0000183438/BID0000849008,56
鬼滅の刃,https://video.unext.jp/book/title/BSD0000155396/BID0000678764,57
東京卍リベンジャーズ,https://video.unext.jp/book/title/BSD0000183438/BID0000849008,58
鬼滅の刃,https://video.unext.jp/book/title/BSD0000155396/BID0000678764,59
東京卍リベンジャーズ,https://video.unext.jp/book/title/BSD0000183438/BID0000849008,60
鬼滅の刃,https://video.unext.jp/book/title/BSD0000155396/BID0000678764,61
東京卍リベンジャーズ,https://video.unext.jp/book/title/BSD0000183438/BID0000849008,62
鬼滅の刃,https://video.unext.jp/book/title/BSD0000155396/BID0000678764,63
東京卍リベンジャーズ,https://video.unext.jp/book/title/BSD0000183438/BID0000849008,64
鬼滅の刃,https://video.unext.jp/book/title/BSD0000155396/BID0000678764,65
東京卍リベンジャーズ,https://video.unext.jp/book/title/BSD0000183438/BID0000849008,66
鬼滅の刃,https://video.unext.jp/book/title/BSD0000155396/BID0000678764,67
東京卍リベンジャーズ,https://video.unext.jp/book/title/BSD0000183438/BID0000849008,68
鬼滅の刃,https://video.unext.jp/book/title/BSD0000155396/BID0000678764,69
東京卍リベンジャーズ,https://video.unext.jp/book/title/BSD0000183438/BID0000849008,70
鬼滅の刃,https://video.unext.jp/book/title/BSD0000155396/BID0000678764,71
東京卍リベンジャーズ,https://video.unext.jp/book/title/BSD0000183438/BID0000849008,72
鬼滅の刃,https://video.unext.jp/book/title/BSD0000155396/BID0000678764,73
東京卍リベンジャーズ,https://video.unext.jp/book/title/BSD0000183438/BID0000849008,74
鬼滅の刃,https://video.unext.jp/book/title/BSD0000155396/BID0000678764,75
東京卍リベンジャーズ,https://video.unext.jp/book/title/BSD0000183438/BID0000849008,76
鬼滅の刃,https://video.unext.jp/book/title/BSD0000155396/BID0000678764,77
東京卍リベンジャーズ,https://video.unext.jp/book/title/BSD0000183438/BID0000849008,78
鬼滅の刃,https://video.unext.jp/book/title/BSD0000155396/BID0000678764,79
東京卍リベンジャーズ,https://video.unext.jp/book/title/BSD0000183438/BID0000849008,80
鬼滅の刃,https://video.unext.jp/book/title/BSD0000155396/BID0000678764,81
東京卍リベンジャーズ,https://video.unext.jp/book/title/BSD0000183438/BID0000849008,82
鬼滅の刃,https://video.unext.jp/book/title/BSD0000155396/BID0000678764,83
東京卍リベンジャーズ,https://video.unext.jp/book/title/BSD0000183438/BID0000849008,84
鬼滅の刃,https://video.unext.jp/book/title/BSD0000155396/BID0000678764,85
東京卍リベンジャーズ,https://video.unext.jp/book/title/BSD0000183438/BID0000849008,86
鬼滅の刃,https://video.unext.jp/book/title/BSD0000155396/BID0000678764,87
東京卍リベンジャーズ,https://video.unext.jp/book/title/BSD0000183438/BID0000849008,88
鬼滅の刃,https://video.unext.jp/book/title/BSD0000155396/BID0000678764,89
東京卍リベンジャーズ,https://video.unext.jp/book/title/BSD0000183438/BID0000849008,90
鬼滅の刃,https://video.unext.jp/book/title/BSD0000155396/BID0000678764,91
東京卍リベンジャーズ,https://video.unext.jp/book/title/BSD0000183438/BID0000849008,92
鬼滅の刃,https://video.unext.jp/book/title/BSD0000155396/BID0000678764,93
東京卍リベンジャーズ,https://video.unext.jp/book/title/BSD0000183438/BID0000849008,94
鬼滅の刃,https://video.unext.jp/book/title/BSD0000155396/BID0000678764,95
東京卍リベンジャーズ,https://video.unext.jp/book/title/BSD0000183438/BID0000849008,96
鬼滅の刃,https://video.unext.jp/book/title/BSD0000155396/BID0000678764,97
東京卍リベンジャーズ,https://video.unext.jp/book/title/BSD0000183438/BID0000849008,98
鬼滅の刃,https://video.unext.jp/book/title/BSD0000155396/BID0000678764,99
東京卍リベンジャーズ,https://video.unext.jp/book/title/BSD0000183438/BID0000849008,100
鬼滅の刃,https://video.unext.jp/book/title/BSD0000155396/BID0000678764,101
東京卍リベンジャーズ,https://video.unext.jp/book/title/BSD0000183438/BID0000849008,102
鬼滅の刃,https://video.unext.jp/book/title/BSD0000155396/BID0000678764,103
東京卍リベンジャーズ,https://video.unext.jp/book/title/BSD0000183438/BID0000849008,104
鬼滅の刃,https://video.unext.jp/book/title/BSD0000155396/BID0000678764,105
東京卍リベンジャーズ,https://video.unext.jp/book/title/BSD0000183438/BID0000849008,106
鬼滅の刃,https://video.unext.jp/book/title/BSD0000155396/BID0000678764,107
東京卍リベンジャーズ,https://video.unext.jp/book/title/BSD0000183438/BID0000849008,108
鬼滅の刃,https://video.unext.jp/book/title/BSD0000155396/BID0000678764,109
東京卍リベンジャーズ,https://video.unext.jp/book/title/BSD0000183438/BID0000849008,110
鬼滅の刃,https://video.unext.jp/book/title/BSD0000155396/BID0000678764,111
東京卍リベンジャーズ,https://video.unext.jp/book/title/BSD0000183438/BID0000849008,112
鬼滅の刃,https://video.unext.jp/book/title/BSD0000155396/BID0000678764,113
東京卍リベンジャーズ,https://video.unext.jp/book/title/BSD0000183438/BID0000849008,114
鬼滅の刃,https://video.unext.jp/book/title/BSD0000155396/BID0000678764,115
東京卍リベンジャーズ,https://video.unext.jp/book/title/BSD0000183438/BID0000849008,116
鬼滅の刃,https://video.unext.jp/book/title/BSD0000155396/BID0000678764,117
東京卍リベンジャーズ,https://video.unext.jp/book/title/BSD0000183438/BID0000849008,118
鬼滅の刃,https://video.unext.jp/book/title/BSD0000155396/BID0000678764,119
東京卍リベンジャーズ,https://video.unext.jp/book/title/BSD0000183438/BID0000849008,120
鬼滅の刃,https://video.unext.jp/book/title/BSD0000155396/BID0000678764,121
東京卍リベンジャーズ,https://video.unext.jp/book/title/BSD0000183438/BID0000849008,122
鬼滅の刃,https://video.unext.jp/book/title/BSD0000155396/BID0000678764,123
東京卍リベンジャーズ,https://video.unext.jp/book/title/BSD0000183438/BID0000849008,124
鬼滅の刃,https://video.unext.jp/book/title/BSD0000155396/BID0000678764,125
東京卍リベンジャーズ,https://video.unext.jp/book/title/BSD0000183438/BID0000849008,126
鬼滅の刃,https://video.unext.jp/book/title/BSD0000155396/BID0000678764,127
東京卍リベンジャーズ,https://video.unext.jp/book/title/BSD0000183438/BID0000849008,128
鬼滅の刃,https://video.unext.jp/book/title/BSD0000155396/BID0000678764,129
東京卍リベンジャーズ,https://video.unext.jp/book/title/BSD0000183438/BID0000849008,130
鬼滅の刃,https://video.unext.jp/book/title/BSD0000155396/BID0000678764,131
東京卍リベンジャーズ,https://video.unext.jp/book/title/BSD0000183438/BID0000849008,132
鬼滅の刃,https://video.unext.jp/book/title/BSD0000155396/BID0000678764,133
東京卍リベンジャーズ,https://video.unext.jp/book/title/BSD0000183438/BID0000849008,134
鬼滅の刃,https://video.unext.jp/book/title/BSD0000155396/BID0000678764,135
東京卍リベンジャーズ,https://video.unext.jp/book/title/BSD0000183438/BID0000849008,136
鬼滅の刃,https://video.unext.jp/book/title/BSD0000155396/BID0000678764,137
東京卍リベンジャーズ,https://video.unext.jp/book/title/BSD0000183438/BID0000849008,138
鬼滅の刃,https://video.unext.jp/book/title/BSD0000155396/BID0000678764,139
東京卍リベンジャーズ,https://video.unext.jp/book/title/BSD0000183438/BID0000849008,140
鬼滅の刃,https://video.unext.jp/book/title/BSD0000155396/BID0000678764,141
東京卍リベンジャーズ,https://video.unext.jp/book/title/BSD0000183438/BID0000849008,142
鬼滅の刃,https://video.unext.jp/book/title/BSD0000155396/BID0000678764,143
東京卍リベンジャーズ,https://video.unext.jp/book/title/BSD0000183438/BID0000849008,144
鬼滅の刃,https://video.unext.jp/book/title/BSD0000155396/BID0000678764,145
東京卍リベンジャーズ,https://video.unext.jp/book/title/BSD0000183438/BID0000849008,146
鬼滅の刃,https://video.unext.jp/book/title/BSD0000155396/BID0000678764,147
東京卍リベンジャーズ,https://video.unext.jp/book/title/BSD0000183438/BID0000849008,148
鬼滅の刃,https://video.unext.jp/book/title/BSD0000155396/BID0000678764,149
東京卍リベンジャーズ,https://video.unext.jp/book/title/BSD0000183438/BID0000849008,150
鬼滅の刃,https://video.unext.jp/book/title/BSD0000155396/BID0000678764,151
東京卍リベンジャーズ,https://video.unext.jp/book/title/BSD0000183438/BID0000849008,152
鬼滅の刃,https://video.unext.jp/book/title/BSD0000155396/BID0000678764,153
東京卍リベンジャーズ,https://video.unext.jp/book/title/BSD0000183438/BID0000849008,154
鬼滅の刃,https://video.unext.jp/book/title/BSD0000155396/BID0000678764,155
東京卍リベンジャーズ,https://video.unext.jp/book/title/BSD0000183438/BID0000849008,156
鬼滅の刃,https://video.unext.jp/book/title/BSD0000155396/BID0000678764,157
東京卍リベンジャーズ,https://video.unext.jp/book/title/BSD0000183438/BID0000849008,158
鬼滅の刃,https://video.unext.jp/book/title/BSD0000155396/BID0000678764,159
東京卍リベンジャーズ,https://video.unext.jp/book/title/BSD0000183438/BID0000849008,160
鬼滅の刃,https://video.unext.jp/book/title/BSD0000155396/BID0000678764,161
東京卍リベンジャーズ,https://video.unext.jp/book/title/BSD0000183438/BID0000849008,162
鬼滅の刃,https://video.unext.jp/book/title/BSD0000155396/BID0000678764,163
東京卍リベンジャーズ,https://video.unext.jp/book/title/BSD0000183438/BID0000849008,164
鬼滅の刃,https://video.unext.jp/book/title/BSD0000155396/BID0000678764,165
東京卍リベンジャーズ,https://video.unext.jp/book/title/BSD0000183438/BID0000849008,166
鬼滅の刃,https://video.unext.jp/book/title/BSD0000155396/BID0000678764,167
東京卍リベンジャーズ,https://video.unext.jp/book/title/BSD0000183438/BID0000849008,168
鬼滅の刃,https://video.unext.jp/book/title/BSD0000155396/BID0000678764,169
東京卍リベンジャーズ,https://video.unext.jp/book/title/BSD0000183438/BID0000849008,170
鬼滅の刃,https://video.unext.jp/book/title/BSD0000155396/BID0000678764,171
東京卍リベンジャーズ,https://video.unext.jp/book/title/BSD0000183438/BID0000849008,172
鬼滅の刃,https://video.unext.jp/book/title/BSD0000155396/BID0000678764,173
東京卍リベンジャーズ,https://video.unext.jp/book/title/BSD0000183438/BID0000849008,174
鬼滅の刃,https://video.unext.jp/book/title/BSD0000155396/BID0000678764,175